id,nombre,tipo,ancho_banda,latencia
1,switch294,switch,248,6
2,laptop314,laptop,528,28
3,laptop314,laptop,255,21
4,router290,router,933,46
5,laptop314,laptop,181,35
6,computadora323,computadora,379,10
7,computadora323,computadora,331,48
8,laptop314,laptop,598,2
9,switch294,switch,490,47
10,router290,router,593,28
11,laptop314,laptop,350,21
12,router290,router,235,2
13,computadora323,computadora,844,9
14,computadora323,computadora,120,2
15,router290,router,440,50
16,laptop314,laptop,138,17
17,switch294,switch,896,46
18,servidor279,servidor,559,15
19,laptop314,laptop,615,19
20,computadora323,computadora,327,5
21,computadora323,computadora,357,29
22,laptop314,laptop,673,36
23,laptop314,laptop,973,13
24,servidor279,servidor,164,41
25,servidor279,servidor,372,9
26,laptop314,laptop,77,9
27,switch294,switch,178,25
28,computadora323,computadora,973,28
29,router290,router,534,13
30,computadora323,computadora,917,41
31,router290,router,355,18
32,router290,router,50,50
33,switch294,switch,278,47
34,switch294,switch,728,42
35,router290,router,356,30
36,switch294,switch,463,13
37,switch294,switch,303,40
38,laptop314,laptop,951,46
39,router290,router,993,45
40,switch294,switch,256,15
41,router290,router,22,34
42,router290,router,755,35
43,servidor279,servidor,492,11
44,laptop314,laptop,291,23
45,computadora323,computadora,38,5
46,switch294,switch,581,45
47,switch294,switch,314,17
48,switch294,switch,166,37
49,laptop314,laptop,189,1
50,switch294,switch,311,19
51,computadora323,computadora,17,5
52,switch294,switch,581,18
53,servidor279,servidor,728,7
54,laptop314,laptop,53,8
55,laptop314,laptop,915,7
56,computadora323,computadora,852,24
57,laptop314,laptop,493,7
58,switch294,switch,293,32
59,router290,router,469,33
60,servidor279,servidor,259,18
61,laptop314,laptop,272,2
62,computadora323,computadora,409,3
63,servidor279,servidor,43,13
64,servidor279,servidor,36,35
65,servidor279,servidor,779,32
66,computadora323,computadora,970,3
67,router290,router,843,4
68,servidor279,servidor,978,9
69,computadora323,computadora,629,3
70,switch294,switch,270,16
71,servidor279,servidor,174,44
72,computadora323,computadora,172,14
73,switch294,switch,225,11
74,router290,router,591,6
75,switch294,switch,621,17
76,laptop314,laptop,941,16
77,computadora323,computadora,88,8
78,switch294,switch,189,4
79,computadora323,computadora,211,34
80,laptop314,laptop,560,38
81,servidor279,servidor,514,21
82,switch294,switch,928,30
83,router290,router,953,5
84,router290,router,757,7
85,servidor279,servidor,399,40
86,computadora323,computadora,181,44
87,router290,router,681,11
88,servidor279,servidor,207,14
89,computadora323,computadora,135,39
90,servidor279,servidor,807,2
91,router290,router,594,45
92,servidor279,servidor,137,31
93,servidor279,servidor,117,48
94,switch294,switch,190,13
95,computadora323,computadora,64,5
96,switch294,switch,311,13
97,computadora323,computadora,639,14
98,router290,router,479,3
99,switch294,switch,51,46
100,switch294,switch,685,30
101,computadora323,computadora,548,14
102,computadora323,computadora,569,30
103,switch294,switch,438,7
104,computadora323,computadora,659,35
105,laptop314,laptop,495,39
106,laptop314,laptop,662,21
107,servidor279,servidor,264,29
108,computadora323,computadora,594,35
109,laptop314,laptop,891,13
110,servidor279,servidor,131,19
111,servidor279,servidor,164,30
112,router290,router,191,2
113,switch294,switch,879,35
114,servidor279,servidor,976,16
115,laptop314,laptop,721,4
116,router290,router,707,31
117,switch294,switch,94,29
118,laptop314,laptop,995,9
119,laptop314,laptop,994,5
120,laptop314,laptop,909,11
121,computadora323,computadora,277,25
122,servidor279,servidor,14,41
123,router290,router,676,27
124,computadora323,computadora,301,41
125,computadora323,computadora,907,50
126,computadora323,computadora,891,22
127,laptop314,laptop,902,9
128,servidor279,servidor,531,11
129,computadora323,computadora,726,25
130,servidor279,servidor,987,15
131,router290,router,107,5
132,servidor279,servidor,466,22
133,router290,router,49,30
134,computadora323,computadora,109,5
135,switch294,switch,714,11
136,servidor279,servidor,885,25
137,computadora323,computadora,609,28
138,servidor279,servidor,507,37
139,computadora323,computadora,725,27
140,computadora323,computadora,167,3
141,servidor279,servidor,848,4
142,switch294,switch,254,7
143,router290,router,889,48
144,computadora323,computadora,572,42
145,computadora323,computadora,667,31
146,laptop314,laptop,634,6
147,router290,router,897,26
148,switch294,switch,431,22
149,switch294,switch,533,2
150,switch294,switch,604,4
151,servidor279,servidor,799,47
152,servidor279,servidor,886,33
153,servidor279,servidor,665,46
154,servidor279,servidor,146,19
155,switch294,switch,888,29
156,router290,router,351,50
157,switch294,switch,712,3
158,laptop314,laptop,988,45
159,servidor279,servidor,424,22
160,router290,router,507,16
161,computadora323,computadora,655,13
162,computadora323,computadora,47,41
163,servidor279,servidor,519,14
164,servidor279,servidor,329,50
165,router290,router,941,8
166,laptop314,laptop,668,23
167,laptop314,laptop,124,24
168,laptop314,laptop,16,20
169,computadora323,computadora,770,25
170,servidor279,servidor,368,26
171,switch294,switch,565,24
172,computadora323,computadora,513,14
173,servidor279,servidor,384,24
174,computadora323,computadora,52,30
175,router290,router,902,16
176,computadora323,computadora,824,10
177,servidor279,servidor,834,40
178,switch294,switch,355,41
179,switch294,switch,558,38
180,router290,router,895,50
181,switch294,switch,836,35
182,laptop314,laptop,213,22
183,servidor279,servidor,977,12
184,laptop314,laptop,17,49
185,servidor279,servidor,793,19
186,servidor279,servidor,408,44
187,laptop314,laptop,319,27
188,router290,router,43,36
189,laptop314,laptop,145,28
190,servidor279,servidor,647,37
191,computadora323,computadora,354,11
192,servidor279,servidor,575,49
193,computadora323,computadora,544,14
194,router290,router,329,4
195,laptop314,laptop,956,48
196,servidor279,servidor,841,25
197,servidor279,servidor,75,39
198,router290,router,568,10
199,computadora323,computadora,700,43
200,laptop314,laptop,603,37
201,servidor279,servidor,346,45
202,servidor279,servidor,814,20
203,laptop314,laptop,173,19
204,servidor279,servidor,118,7
205,switch294,switch,685,48
206,router290,router,177,11
207,router290,router,930,3
208,router290,router,463,21
209,router290,router,343,49
210,laptop314,laptop,487,28
211,router290,router,789,20
212,router290,router,938,23
213,computadora323,computadora,843,19
214,servidor279,servidor,187,37
215,laptop314,laptop,412,34
216,computadora323,computadora,267,38
217,computadora323,computadora,540,32
218,switch294,switch,281,45
219,servidor279,servidor,672,20
220,router290,router,182,25
221,switch294,switch,542,45
222,servidor279,servidor,419,40
223,laptop314,laptop,601,34
224,computadora323,computadora,922,35
225,servidor279,servidor,881,45
226,computadora323,computadora,511,33
227,computadora323,computadora,102,10
228,servidor279,servidor,984,3
229,router290,router,470,37
230,switch294,switch,134,11
231,servidor279,servidor,623,9
232,router290,router,416,29
233,laptop314,laptop,249,10
234,computadora323,computadora,82,50
235,switch294,switch,317,39
236,router290,router,207,1
237,servidor279,servidor,849,8
238,router290,router,616,29
239,laptop314,laptop,75,41
240,computadora323,computadora,945,16
241,computadora323,computadora,765,30
242,laptop314,laptop,395,33
243,servidor279,servidor,130,22
244,computadora323,computadora,117,35
245,computadora323,computadora,886,42
246,laptop314,laptop,240,23
247,laptop314,laptop,504,1
248,servidor279,servidor,973,39
249,computadora323,computadora,437,4
250,computadora323,computadora,328,25
251,switch294,switch,622,35
252,switch294,switch,517,15
253,laptop314,laptop,952,20
254,switch294,switch,405,37
255,computadora323,computadora,111,3
256,switch294,switch,177,28
257,computadora323,computadora,164,28
258,switch294,switch,889,35
259,laptop314,laptop,240,14
260,router290,router,681,13
261,computadora323,computadora,65,50
262,servidor279,servidor,488,24
263,switch294,switch,977,23
264,switch294,switch,702,28
265,servidor279,servidor,14,46
266,laptop314,laptop,48,18
267,servidor279,servidor,736,2
268,switch294,switch,722,28
269,router290,router,585,26
270,router290,router,231,4
271,switch294,switch,102,36
272,servidor279,servidor,66,43
273,switch294,switch,834,32
274,router290,router,316,15
275,computadora323,computadora,706,15
276,computadora323,computadora,975,36
277,router290,router,497,10
278,computadora323,computadora,740,20
279,laptop314,laptop,346,3
280,servidor279,servidor,543,9
281,router290,router,903,4
282,switch294,switch,368,36
283,laptop314,laptop,351,34
284,laptop314,laptop,573,29
285,router290,router,266,20
286,servidor279,servidor,361,3
287,switch294,switch,464,26
288,servidor279,servidor,358,14
289,router290,router,845,32
290,switch294,switch,351,16
291,servidor279,servidor,619,22
292,router290,router,630,37
293,computadora323,computadora,159,48
294,switch294,switch,646,20
295,laptop314,laptop,508,39
296,computadora323,computadora,593,12
297,computadora323,computadora,542,50
298,computadora323,computadora,891,21
299,laptop314,laptop,324,22
300,laptop314,laptop,516,10
301,switch294,switch,312,49
302,servidor279,servidor,984,18
303,laptop314,laptop,699,27
304,computadora323,computadora,963,5
305,laptop314,laptop,296,21
306,router290,router,127,41
307,computadora323,computadora,234,44
308,router290,router,22,35
309,laptop314,laptop,579,10
310,laptop314,laptop,271,42
311,servidor279,servidor,315,25
312,laptop314,laptop,982,13
313,switch294,switch,91,6
314,laptop314,laptop,839,45
315,router290,router,633,39
316,laptop314,laptop,479,6
317,computadora323,computadora,526,43
318,laptop314,laptop,650,48
319,computadora323,computadora,981,6
320,computadora323,computadora,541,26
321,router290,router,469,37
322,switch294,switch,744,14
323,router290,router,883,2
324,laptop314,laptop,567,46
325,computadora323,computadora,739,42
326,computadora323,computadora,23,20
327,servidor279,servidor,589,35
328,laptop314,laptop,862,31
329,switch294,switch,434,22
330,laptop314,laptop,571,4
331,switch294,switch,830,21
332,computadora323,computadora,749,1
333,router290,router,767,33
334,computadora323,computadora,272,44
335,switch294,switch,860,17
336,router290,router,899,22
337,servidor279,servidor,703,48
338,switch294,switch,118,25
339,router290,router,167,13
340,computadora323,computadora,854,47
341,servidor279,servidor,429,1
342,router290,router,305,21
343,servidor279,servidor,807,42
344,computadora323,computadora,234,47
345,servidor279,servidor,238,46
346,router290,router,201,44
347,switch294,switch,348,32
348,router290,router,292,29
349,laptop314,laptop,48,9
350,servidor279,servidor,120,42
351,router290,router,793,20
352,router290,router,796,9
353,servidor279,servidor,594,19
354,computadora323,computadora,807,1
355,router290,router,620,11
356,router290,router,452,44
357,router290,router,24,27
358,laptop314,laptop,697,45
359,computadora323,computadora,325,47
360,servidor279,servidor,434,17
361,computadora323,computadora,637,47
362,computadora323,computadora,973,17
363,servidor279,servidor,86,4
364,servidor279,servidor,744,40
365,laptop314,laptop,990,18
366,computadora323,computadora,830,42
367,laptop314,laptop,485,20
368,computadora323,computadora,479,44
369,computadora323,computadora,561,31
370,laptop314,laptop,235,31
371,laptop314,laptop,448,19
372,servidor279,servidor,820,34
373,switch294,switch,530,43
374,router290,router,368,14
375,servidor279,servidor,80,42
376,router290,router,992,49
377,switch294,switch,385,14
378,router290,router,824,21
379,router290,router,433,10
380,laptop314,laptop,193,3
381,switch294,switch,262,20
382,switch294,switch,186,23
383,laptop314,laptop,440,1
384,computadora323,computadora,354,50
385,laptop314,laptop,831,12
386,router290,router,521,34
387,laptop314,laptop,201,27
388,laptop314,laptop,787,17
389,computadora323,computadora,533,16
390,laptop314,laptop,663,17
391,laptop314,laptop,231,22
392,servidor279,servidor,295,32
393,router290,router,888,43
394,servidor279,servidor,355,29
395,router290,router,122,5
396,switch294,switch,355,45
397,computadora323,computadora,15,4
398,router290,router,466,17
399,laptop314,laptop,868,35
400,switch294,switch,67,30
401,switch294,switch,522,5
402,laptop314,laptop,238,29
403,computadora323,computadora,673,29
404,servidor279,servidor,879,25
405,switch294,switch,25,36
406,laptop314,laptop,571,26
407,router290,router,11,15
408,computadora323,computadora,260,10
409,switch294,switch,971,6
410,switch294,switch,170,4
411,servidor279,servidor,900,39
412,router290,router,95,46
413,switch294,switch,90,2
414,laptop314,laptop,627,19
415,switch294,switch,281,46
416,computadora323,computadora,584,13
417,switch294,switch,625,25
418,router290,router,109,29
419,servidor279,servidor,542,18
420,servidor279,servidor,547,30
421,switch294,switch,919,25
422,servidor279,servidor,610,41
423,laptop314,laptop,584,46
424,computadora323,computadora,820,47
425,laptop314,laptop,897,27
426,router290,router,901,14
427,computadora323,computadora,921,5
428,laptop314,laptop,926,20
429,switch294,switch,614,23
430,switch294,switch,696,26
431,router290,router,676,50
432,laptop314,laptop,335,14
433,servidor279,servidor,892,25
434,servidor279,servidor,876,8
435,computadora323,computadora,804,25
436,computadora323,computadora,470,11
437,switch294,switch,997,15
438,switch294,switch,596,16
439,computadora323,computadora,519,33
440,computadora323,computadora,46,22
441,laptop314,laptop,324,46
442,laptop314,laptop,313,20
443,laptop314,laptop,245,13
444,servidor279,servidor,578,35
445,router290,router,194,28
446,servidor279,servidor,857,5
447,laptop314,laptop,938,36
448,router290,router,824,40
449,servidor279,servidor,837,6
450,switch294,switch,828,15
451,laptop314,laptop,181,38
452,servidor279,servidor,344,4
453,laptop314,laptop,14,23
454,computadora323,computadora,351,13
455,router290,router,512,39
456,servidor279,servidor,783,30
457,computadora323,computadora,678,38
458,servidor279,servidor,827,47
459,router290,router,495,12
460,servidor279,servidor,52,13
461,router290,router,745,27
462,computadora323,computadora,503,10
463,servidor279,servidor,132,33
464,servidor279,servidor,551,12
465,computadora323,computadora,851,2
466,switch294,switch,897,45
467,laptop314,laptop,846,25
468,servidor279,servidor,155,23
469,computadora323,computadora,738,23
470,computadora323,computadora,387,34
471,switch294,switch,817,29
472,laptop314,laptop,484,11
473,computadora323,computadora,846,9
474,laptop314,laptop,744,34
475,computadora323,computadora,79,8
476,router290,router,951,25
477,laptop314,laptop,172,50
478,computadora323,computadora,627,13
479,switch294,switch,543,13
480,switch294,switch,42,40
481,servidor279,servidor,308,33
482,servidor279,servidor,177,12
483,laptop314,laptop,756,14
484,servidor279,servidor,108,18
485,switch294,switch,618,44
486,switch294,switch,575,47
487,servidor279,servidor,526,42
488,switch294,switch,139,28
489,servidor279,servidor,703,23
490,computadora323,computadora,20,13
491,switch294,switch,151,9
492,switch294,switch,158,4
493,servidor279,servidor,949,26
494,router290,router,703,30
495,laptop314,laptop,89,5
496,router290,router,983,10
497,servidor279,servidor,899,11
498,switch294,switch,250,30
499,laptop314,laptop,359,9
500,router290,router,815,45
501,computadora323,computadora,262,34
502,router290,router,330,35
503,switch294,switch,98,1
504,laptop314,laptop,581,6
505,laptop314,laptop,685,37
506,switch294,switch,810,15
507,laptop314,laptop,162,37
508,switch294,switch,473,27
509,servidor279,servidor,226,44
510,router290,router,154,18
511,servidor279,servidor,595,34
512,laptop314,laptop,856,44
513,computadora323,computadora,179,2
514,router290,router,225,8
515,laptop314,laptop,332,20
516,laptop314,laptop,364,49
517,computadora323,computadora,586,41
518,switch294,switch,287,18
519,router290,router,886,4
520,switch294,switch,382,33
521,servidor279,servidor,125,33
522,router290,router,853,7
523,switch294,switch,193,50
524,computadora323,computadora,442,50
525,servidor279,servidor,414,33
526,computadora323,computadora,607,12
527,router290,router,947,28
528,switch294,switch,410,2
529,computadora323,computadora,231,30
530,laptop314,laptop,976,45
531,router290,router,853,29
532,computadora323,computadora,726,40
533,laptop314,laptop,328,37
534,computadora323,computadora,592,35
535,switch294,switch,792,48
536,laptop314,laptop,670,2
537,laptop314,laptop,760,11
538,laptop314,laptop,392,40
539,router290,router,956,39
540,switch294,switch,472,20
541,servidor279,servidor,216,19
542,laptop314,laptop,132,16
543,router290,router,48,23
544,laptop314,laptop,480,11
545,switch294,switch,34,50
546,servidor279,servidor,905,19
547,laptop314,laptop,657,1
548,router290,router,834,35
549,router290,router,206,20
550,router290,router,635,31
551,computadora323,computadora,737,24
552,servidor279,servidor,859,40
553,servidor279,servidor,94,22
554,laptop314,laptop,860,16
555,switch294,switch,263,22
556,laptop314,laptop,478,13
557,laptop314,laptop,743,39
558,servidor279,servidor,724,42
559,switch294,switch,870,36
560,servidor279,servidor,25,28
561,servidor279,servidor,259,37
562,servidor279,servidor,705,24
563,servidor279,servidor,230,28
564,laptop314,laptop,211,14
565,router290,router,329,32
566,switch294,switch,765,28
567,router290,router,48,30
568,servidor279,servidor,405,9
569,servidor279,servidor,115,49
570,laptop314,laptop,472,27
571,router290,router,757,36
572,servidor279,servidor,576,41
573,router290,router,880,15
574,laptop314,laptop,957,12
575,router290,router,277,22
576,switch294,switch,967,27
577,computadora323,computadora,493,49
578,laptop314,laptop,89,26
579,laptop314,laptop,815,46
580,laptop314,laptop,568,38
581,servidor279,servidor,434,2
582,computadora323,computadora,901,6
583,switch294,switch,587,46
584,switch294,switch,809,20
585,computadora323,computadora,83,46
586,router290,router,874,17
587,router290,router,646,41
588,computadora323,computadora,63,25
589,servidor279,servidor,652,45
590,router290,router,607,27
591,laptop314,laptop,54,46
592,computadora323,computadora,548,32
593,laptop314,laptop,327,48
594,servidor279,servidor,126,17
595,laptop314,laptop,442,19
596,router290,router,965,22
597,router290,router,39,36
598,computadora323,computadora,274,40
599,computadora323,computadora,755,35
600,computadora323,computadora,819,21
601,router290,router,732,14
602,router290,router,329,23
603,router290,router,578,18
604,computadora323,computadora,984,26
605,computadora323,computadora,557,42
606,laptop314,laptop,853,7
607,switch294,switch,367,35
608,computadora323,computadora,856,17
609,laptop314,laptop,528,41
610,servidor279,servidor,702,18
611,router290,router,167,19
612,servidor279,servidor,137,39
613,computadora323,computadora,709,50
614,computadora323,computadora,335,34
615,computadora323,computadora,244,8
616,switch294,switch,166,26
617,router290,router,784,28
618,laptop314,laptop,989,46
619,router290,router,12,26
620,computadora323,computadora,235,7
621,servidor279,servidor,555,19
622,laptop314,laptop,758,24
623,computadora323,computadora,246,15
624,switch294,switch,919,41
625,switch294,switch,481,3
626,laptop314,laptop,238,39
627,switch294,switch,66,25
628,laptop314,laptop,784,26
629,router290,router,659,34
630,computadora323,computadora,317,15
631,laptop314,laptop,432,24
632,laptop314,laptop,33,17
633,computadora323,computadora,578,34
634,laptop314,laptop,885,23
635,switch294,switch,272,29
636,computadora323,computadora,80,43
637,computadora323,computadora,142,46
638,switch294,switch,439,37
639,switch294,switch,21,36
640,router290,router,14,36
641,router290,router,766,35
642,servidor279,servidor,595,4
643,servidor279,servidor,204,45
644,router290,router,194,31
645,switch294,switch,379,48
646,laptop314,laptop,206,14
647,switch294,switch,951,35
648,computadora323,computadora,288,36
649,servidor279,servidor,30,2
650,computadora323,computadora,770,9
651,laptop314,laptop,762,15
652,laptop314,laptop,607,34
653,router290,router,49,46
654,computadora323,computadora,68,32
655,computadora323,computadora,115,26
656,switch294,switch,970,13
657,laptop314,laptop,87,21
658,router290,router,337,5
659,router290,router,852,32
660,computadora323,computadora,840,10
661,router290,router,921,46
662,computadora323,computadora,426,8
663,laptop314,laptop,30,15
664,switch294,switch,228,20
665,computadora323,computadora,431,24
666,switch294,switch,96,1
667,laptop314,laptop,465,18
668,computadora323,computadora,830,40
669,laptop314,laptop,481,31
670,switch294,switch,21,44
671,servidor279,servidor,550,50
672,laptop314,laptop,355,19
673,laptop314,laptop,719,2
674,computadora323,computadora,481,7
675,computadora323,computadora,555,46
676,servidor279,servidor,325,47
677,router290,router,791,34
678,computadora323,computadora,406,2
679,switch294,switch,65,11
680,computadora323,computadora,27,37
681,servidor279,servidor,486,47
682,computadora323,computadora,238,19
683,laptop314,laptop,726,18
684,servidor279,servidor,839,3
685,computadora323,computadora,468,39
686,router290,router,557,35
687,computadora323,computadora,490,11
688,servidor279,servidor,347,25
689,switch294,switch,1000,35
690,switch294,switch,488,23
691,computadora323,computadora,392,17
692,computadora323,computadora,282,43
693,computadora323,computadora,591,50
694,laptop314,laptop,61,32
695,laptop314,laptop,105,9
696,servidor279,servidor,140,43
697,laptop314,laptop,31,38
698,laptop314,laptop,696,33
699,switch294,switch,274,23
700,computadora323,computadora,125,13
701,computadora323,computadora,619,2
702,router290,router,496,2
703,switch294,switch,777,15
704,laptop314,laptop,992,46
705,router290,router,732,11
706,switch294,switch,722,27
707,laptop314,laptop,360,38
708,switch294,switch,523,13
709,computadora323,computadora,215,19
710,switch294,switch,181,9
711,servidor279,servidor,602,33
712,switch294,switch,435,46
713,laptop314,laptop,442,1
714,laptop314,laptop,738,6
715,servidor279,servidor,808,20
716,laptop314,laptop,86,23
717,switch294,switch,832,11
718,router290,router,343,31
719,computadora323,computadora,276,32
720,laptop314,laptop,817,1
721,servidor279,servidor,823,32
722,router290,router,15,45
723,switch294,switch,599,14
724,computadora323,computadora,379,40
725,laptop314,laptop,169,30
726,router290,router,81,27
727,switch294,switch,523,42
728,switch294,switch,186,2
729,laptop314,laptop,631,28
730,switch294,switch,817,1
731,computadora323,computadora,746,40
732,servidor279,servidor,377,44
733,switch294,switch,405,8
734,router290,router,36,14
735,router290,router,638,21
736,switch294,switch,659,8
737,servidor279,servidor,702,34
738,servidor279,servidor,21,32
739,switch294,switch,672,11
740,servidor279,servidor,534,21
741,router290,router,272,27
742,router290,router,808,38
743,switch294,switch,127,35
744,servidor279,servidor,815,27
745,computadora323,computadora,215,30
746,computadora323,computadora,30,1
747,servidor279,servidor,564,28
748,switch294,switch,870,6
749,switch294,switch,616,49
750,servidor279,servidor,392,22
751,switch294,switch,457,14
752,router290,router,318,12
753,servidor279,servidor,639,10
754,laptop314,laptop,972,15
755,laptop314,laptop,300,8
756,servidor279,servidor,427,49
757,computadora323,computadora,787,6
758,router290,router,687,20
759,laptop314,laptop,361,20
760,servidor279,servidor,442,24
761,switch294,switch,169,49
762,computadora323,computadora,226,30
763,servidor279,servidor,363,6
764,laptop314,laptop,905,19
765,laptop314,laptop,609,14
766,switch294,switch,702,9
767,laptop314,laptop,701,33
768,router290,router,12,9
769,router290,router,406,40
770,router290,router,970,36
771,computadora323,computadora,32,10
772,router290,router,489,44
773,servidor279,servidor,581,6
774,laptop314,laptop,912,40
775,switch294,switch,214,26
776,router290,router,170,21
777,switch294,switch,784,11
778,switch294,switch,741,18
779,switch294,switch,596,44
780,computadora323,computadora,745,16
781,router290,router,54,4
782,computadora323,computadora,31,30
783,switch294,switch,143,29
784,switch294,switch,122,31
785,computadora323,computadora,20,40
786,computadora323,computadora,378,11
787,servidor279,servidor,552,31
788,servidor279,servidor,467,8
789,switch294,switch,832,22
790,computadora323,computadora,433,32
791,router290,router,604,19
792,servidor279,servidor,52,8
793,router290,router,725,32
794,laptop314,laptop,51,18
795,servidor279,servidor,216,25
796,router290,router,485,47
797,router290,router,324,40
798,laptop314,laptop,661,35
799,router290,router,274,49
800,switch294,switch,777,30
801,computadora323,computadora,275,34
802,laptop314,laptop,130,32
803,router290,router,809,43
804,laptop314,laptop,897,44
805,computadora323,computadora,66,35
806,router290,router,693,6
807,servidor279,servidor,589,17
808,computadora323,computadora,232,15
809,switch294,switch,563,42
810,router290,router,243,12
811,computadora323,computadora,840,26
812,router290,router,959,12
813,computadora323,computadora,508,5
814,switch294,switch,820,36
815,servidor279,servidor,121,15
816,router290,router,263,35
817,laptop314,laptop,486,20
818,servidor279,servidor,754,38
819,router290,router,696,42
820,computadora323,computadora,84,20
821,switch294,switch,47,24
822,computadora323,computadora,143,14
823,switch294,switch,284,8
824,servidor279,servidor,861,17
825,servidor279,servidor,957,29
826,router290,router,66,5
827,router290,router,120,37
828,servidor279,servidor,990,35
829,router290,router,713,21
830,router290,router,579,45
831,servidor279,servidor,700,27
832,laptop314,laptop,479,3
833,router290,router,200,44
834,servidor279,servidor,616,26
835,router290,router,713,49
836,computadora323,computadora,104,24
837,servidor279,servidor,246,28
838,switch294,switch,452,34
839,switch294,switch,388,37
840,servidor279,servidor,750,47
841,computadora323,computadora,19,48
842,switch294,switch,397,32
843,switch294,switch,565,24
844,computadora323,computadora,552,4
845,switch294,switch,152,32
846,computadora323,computadora,382,1
847,switch294,switch,824,1
848,laptop314,laptop,738,14
849,laptop314,laptop,545,36
850,laptop314,laptop,471,18
851,switch294,switch,967,3
852,router290,router,483,8
853,computadora323,computadora,114,47
854,switch294,switch,335,29
855,switch294,switch,102,21
856,router290,router,567,16
857,laptop314,laptop,594,43
858,computadora323,computadora,512,37
859,computadora323,computadora,446,18
860,servidor279,servidor,335,2
861,servidor279,servidor,627,13
862,laptop314,laptop,596,15
863,computadora323,computadora,618,39
864,laptop314,laptop,596,10
865,computadora323,computadora,334,18
866,switch294,switch,861,11
867,computadora323,computadora,966,14
868,laptop314,laptop,503,41
869,switch294,switch,946,23
870,servidor279,servidor,235,42
871,switch294,switch,459,42
872,laptop314,laptop,338,1
873,laptop314,laptop,416,30
874,computadora323,computadora,93,45
875,switch294,switch,626,2
876,laptop314,laptop,951,2
877,switch294,switch,447,6
878,laptop314,laptop,669,23
879,laptop314,laptop,91,40
880,computadora323,computadora,152,29
881,servidor279,servidor,453,6
882,computadora323,computadora,286,27
883,router290,router,802,46
884,servidor279,servidor,100,23
885,servidor279,servidor,447,29
886,laptop314,laptop,143,18
887,laptop314,laptop,727,10
888,laptop314,laptop,623,28
889,laptop314,laptop,521,32
890,computadora323,computadora,659,40
891,servidor279,servidor,510,50
892,router290,router,880,31
893,switch294,switch,581,39
894,switch294,switch,605,42
895,router290,router,917,42
896,switch294,switch,569,11
897,router290,router,901,48
898,router290,router,544,1
899,switch294,switch,779,11
900,router290,router,183,9
901,laptop314,laptop,410,47
902,switch294,switch,56,29
903,switch294,switch,371,11
904,laptop314,laptop,856,36
905,servidor279,servidor,707,44
906,laptop314,laptop,184,21
907,servidor279,servidor,466,11
908,switch294,switch,632,42
909,computadora323,computadora,299,23
910,switch294,switch,890,44
911,router290,router,351,6
912,router290,router,518,50
913,switch294,switch,799,6
914,laptop314,laptop,208,46
915,switch294,switch,837,45
916,computadora323,computadora,578,1
917,laptop314,laptop,472,41
918,computadora323,computadora,168,48
919,servidor279,servidor,281,32
920,laptop314,laptop,313,20
921,laptop314,laptop,1000,32
922,laptop314,laptop,18,1
923,laptop314,laptop,691,24
924,servidor279,servidor,295,9
925,laptop314,laptop,445,7
926,servidor279,servidor,638,30
927,router290,router,529,40
928,switch294,switch,350,30
929,servidor279,servidor,487,9
930,router290,router,959,23
931,router290,router,505,16
932,servidor279,servidor,98,11
933,switch294,switch,623,3
934,servidor279,servidor,136,2
935,servidor279,servidor,109,12
936,computadora323,computadora,485,46
937,router290,router,914,46
938,laptop314,laptop,972,37
939,computadora323,computadora,169,47
940,switch294,switch,300,28
941,laptop314,laptop,605,34
942,servidor279,servidor,694,40
943,switch294,switch,222,9
944,router290,router,395,33
945,router290,router,874,31
946,servidor279,servidor,488,27
947,laptop314,laptop,968,22
948,laptop314,laptop,131,44
949,switch294,switch,693,1
950,switch294,switch,228,13
951,laptop314,laptop,202,38
952,switch294,switch,762,15
953,router290,router,817,36
954,laptop314,laptop,72,40
955,switch294,switch,695,39
956,laptop314,laptop,899,45
957,computadora323,computadora,918,17
958,switch294,switch,306,24
959,switch294,switch,233,20
960,laptop314,laptop,142,23
961,laptop314,laptop,46,5
962,laptop314,laptop,256,16
963,router290,router,380,46
964,servidor279,servidor,490,27
965,computadora323,computadora,492,34
966,computadora323,computadora,382,42
967,servidor279,servidor,981,48
968,computadora323,computadora,807,32
969,computadora323,computadora,300,15
970,router290,router,321,27
971,router290,router,248,39
972,computadora323,computadora,666,38
973,servidor279,servidor,166,13
974,servidor279,servidor,941,10
975,switch294,switch,706,44
976,laptop314,laptop,129,46
977,servidor279,servidor,335,50
978,laptop314,laptop,262,13
979,computadora323,computadora,514,36
980,laptop314,laptop,197,6
981,router290,router,17,14
982,servidor279,servidor,602,33
983,computadora323,computadora,654,31
984,computadora323,computadora,481,7
985,servidor279,servidor,38,43
986,router290,router,399,6
987,router290,router,636,47
988,laptop314,laptop,106,16
989,switch294,switch,436,19
990,laptop314,laptop,577,34
991,switch294,switch,297,6
992,computadora323,computadora,425,19
993,router290,router,403,5
994,laptop314,laptop,622,38
995,switch294,switch,750,22
996,switch294,switch,843,15
997,switch294,switch,777,50
998,computadora323,computadora,256,23
999,switch294,switch,84,15
1000,router290,router,91,3
1001,servidor279,servidor,135,34
1002,servidor279,servidor,832,14
1003,switch294,switch,729,47
1004,router290,router,269,23
1005,servidor279,servidor,527,4
1006,switch294,switch,38,30
1007,servidor279,servidor,919,47
1008,servidor279,servidor,573,33
1009,laptop314,laptop,667,18
1010,laptop314,laptop,905,21
1011,servidor279,servidor,63,24
1012,laptop314,laptop,673,26
1013,computadora323,computadora,349,23
1014,laptop314,laptop,714,48
1015,servidor279,servidor,295,26
1016,router290,router,838,23
1017,router290,router,113,49
1018,router290,router,512,32
1019,switch294,switch,772,9
1020,laptop314,laptop,441,23
1021,laptop314,laptop,438,23
1022,servidor279,servidor,938,34
1023,router290,router,353,6
1024,servidor279,servidor,353,40
1025,servidor279,servidor,974,12
1026,router290,router,429,30
1027,switch294,switch,285,49
1028,servidor279,servidor,882,2
1029,servidor279,servidor,588,32
1030,laptop314,laptop,924,45
1031,servidor279,servidor,20,19
1032,computadora323,computadora,422,5
1033,computadora323,computadora,722,45
1034,servidor279,servidor,172,33
1035,router290,router,91,11
1036,servidor279,servidor,166,16
1037,servidor279,servidor,803,42
1038,router290,router,67,14
1039,router290,router,145,11
1040,switch294,switch,372,49
1041,laptop314,laptop,786,38
1042,servidor279,servidor,276,38
1043,switch294,switch,581,42
1044,computadora323,computadora,96,8
1045,servidor279,servidor,945,39
1046,router290,router,225,3
1047,computadora323,computadora,251,49
1048,router290,router,511,18
1049,computadora323,computadora,499,10
1050,computadora323,computadora,370,34
1051,servidor279,servidor,654,31
1052,switch294,switch,919,43
1053,computadora323,computadora,635,14
1054,servidor279,servidor,388,40
1055,laptop314,laptop,953,8
1056,laptop314,laptop,784,15
1057,computadora323,computadora,264,18
1058,servidor279,servidor,775,35
1059,laptop314,laptop,628,7
1060,switch294,switch,353,34
1061,switch294,switch,871,45
1062,router290,router,589,23
1063,computadora323,computadora,26,31
1064,laptop314,laptop,513,34
1065,laptop314,laptop,420,44
1066,servidor279,servidor,867,22
1067,switch294,switch,723,39
1068,switch294,switch,334,6
1069,computadora323,computadora,536,8
1070,laptop314,laptop,248,4
1071,servidor279,servidor,619,1
1072,router290,router,787,37
1073,servidor279,servidor,551,24
1074,switch294,switch,723,2
1075,servidor279,servidor,145,17
1076,computadora323,computadora,502,34
1077,computadora323,computadora,231,41
1078,laptop314,laptop,581,23
1079,switch294,switch,628,13
1080,laptop314,laptop,917,49
1081,computadora323,computadora,102,30
1082,computadora323,computadora,867,48
1083,servidor279,servidor,842,31
1084,switch294,switch,108,48
1085,laptop314,laptop,678,48
1086,router290,router,348,39
1087,servidor279,servidor,674,24
1088,switch294,switch,561,36
1089,laptop314,laptop,41,6
1090,computadora323,computadora,365,26
1091,router290,router,339,29
1092,switch294,switch,101,8
1093,laptop314,laptop,316,27
1094,servidor279,servidor,559,19
1095,router290,router,946,3
1096,router290,router,275,28
1097,servidor279,servidor,33,22
1098,router290,router,993,26
1099,servidor279,servidor,750,50
1100,router290,router,54,45
1101,computadora323,computadora,829,48
1102,computadora323,computadora,106,29
1103,servidor279,servidor,895,40
1104,servidor279,servidor,205,35
1105,switch294,switch,950,17
1106,switch294,switch,130,20
1107,laptop314,laptop,43,41
1108,computadora323,computadora,284,11
1109,computadora323,computadora,327,41
1110,servidor279,servidor,822,30
1111,router290,router,485,13
1112,computadora323,computadora,357,15
1113,computadora323,computadora,936,50
1114,laptop314,laptop,371,48
1115,switch294,switch,569,41
1116,switch294,switch,73,6
1117,computadora323,computadora,491,42
1118,laptop314,laptop,485,18
1119,switch294,switch,484,24
1120,computadora323,computadora,251,25
1121,router290,router,241,4
1122,computadora323,computadora,317,30
1123,laptop314,laptop,938,38
1124,router290,router,48,2
1125,switch294,switch,449,7
1126,laptop314,laptop,252,9
1127,router290,router,396,32
1128,laptop314,laptop,753,4
1129,laptop314,laptop,654,31
1130,laptop314,laptop,867,26
1131,router290,router,210,13
1132,switch294,switch,853,29
1133,servidor279,servidor,629,24
1134,router290,router,685,15
1135,switch294,switch,934,28
1136,router290,router,746,40
1137,router290,router,534,42
1138,computadora323,computadora,330,13
1139,switch294,switch,756,43
1140,router290,router,511,13
1141,computadora323,computadora,580,18
1142,laptop314,laptop,572,39
1143,servidor279,servidor,541,31
1144,router290,router,61,25
1145,router290,router,84,19
1146,servidor279,servidor,269,20
1147,switch294,switch,375,47
1148,router290,router,807,14
1149,laptop314,laptop,778,13
1150,computadora323,computadora,750,3
1151,computadora323,computadora,727,39
1152,computadora323,computadora,356,47
1153,computadora323,computadora,504,12
1154,router290,router,283,41
1155,switch294,switch,739,28
1156,servidor279,servidor,66,47
1157,servidor279,servidor,112,20
1158,router290,router,237,18
1159,router290,router,660,24
1160,computadora323,computadora,89,34
1161,router290,router,96,9
1162,servidor279,servidor,782,35
1163,laptop314,laptop,900,37
1164,computadora323,computadora,86,21
1165,computadora323,computadora,275,10
1166,laptop314,laptop,853,40
1167,switch294,switch,871,13
1168,computadora323,computadora,534,23
1169,switch294,switch,853,17
1170,switch294,switch,137,26
1171,computadora323,computadora,348,37
1172,computadora323,computadora,83,41
1173,router290,router,153,37
1174,router290,router,607,34
1175,laptop314,laptop,977,43
1176,switch294,switch,478,23
1177,router290,router,746,39
1178,router290,router,339,24
1179,servidor279,servidor,974,7
1180,laptop314,laptop,399,16
1181,computadora323,computadora,271,41
1182,router290,router,351,24
1183,switch294,switch,87,44
1184,laptop314,laptop,651,30
1185,laptop314,laptop,436,15
1186,router290,router,137,8
1187,switch294,switch,552,3
1188,computadora323,computadora,522,7
1189,router290,router,897,28
1190,computadora323,computadora,716,43
1191,servidor279,servidor,258,31
1192,switch294,switch,775,12
1193,router290,router,666,12
1194,computadora323,computadora,236,50
1195,computadora323,computadora,602,32
1196,laptop314,laptop,31,46
1197,laptop314,laptop,802,4
1198,computadora323,computadora,834,25
1199,router290,router,830,12
1200,laptop314,laptop,49,18
1201,computadora323,computadora,221,36
1202,switch294,switch,529,14
1203,laptop314,laptop,554,12
1204,router290,router,37,5
1205,router290,router,858,4
1206,router290,router,834,41
1207,computadora323,computadora,848,45
1208,servidor279,servidor,921,49
1209,computadora323,computadora,744,36
1210,computadora323,computadora,69,41
1211,laptop314,laptop,830,6
1212,servidor279,servidor,424,6
1213,switch294,switch,170,1
1214,laptop314,laptop,478,35
1215,router290,router,397,4
1216,laptop314,laptop,33,37
1217,computadora323,computadora,614,18
1218,switch294,switch,242,11
1219,router290,router,43,47
1220,router290,router,281,21
1221,switch294,switch,840,5
1222,switch294,switch,596,25
1223,switch294,switch,494,45
1224,laptop314,laptop,139,26
1225,computadora323,computadora,753,4
1226,servidor279,servidor,852,24
1227,switch294,switch,251,16
1228,router290,router,900,32
1229,switch294,switch,634,37
1230,servidor279,servidor,198,12
1231,router290,router,215,46
1232,computadora323,computadora,857,40
1233,router290,router,692,13
1234,computadora323,computadora,521,21
1235,switch294,switch,529,12
1236,computadora323,computadora,816,50
1237,servidor279,servidor,863,45
1238,laptop314,laptop,606,18
1239,router290,router,619,48
1240,computadora323,computadora,352,37
1241,switch294,switch,617,41
1242,computadora323,computadora,343,11
1243,computadora323,computadora,876,30
1244,laptop314,laptop,905,36
1245,switch294,switch,899,30
1246,computadora323,computadora,183,2
1247,router290,router,300,41
1248,computadora323,computadora,707,26
1249,router290,router,595,22
1250,router290,router,771,17
1251,router290,router,787,26
1252,switch294,switch,236,1
1253,router290,router,576,45
1254,laptop314,laptop,733,21
1255,switch294,switch,662,13
1256,computadora323,computadora,868,28
1257,computadora323,computadora,461,37
1258,laptop314,laptop,743,30
1259,laptop314,laptop,552,4
1260,computadora323,computadora,236,48
1261,computadora323,computadora,923,20
1262,laptop314,laptop,831,9
1263,switch294,switch,653,37
1264,servidor279,servidor,613,26
1265,router290,router,437,28
1266,servidor279,servidor,513,34
1267,router290,router,739,11
1268,servidor279,servidor,226,28
1269,switch294,switch,164,11
1270,servidor279,servidor,187,2
1271,router290,router,583,24
1272,switch294,switch,628,38
1273,laptop314,laptop,465,49
1274,computadora323,computadora,30,30
1275,router290,router,493,23
1276,switch294,switch,440,30
1277,computadora323,computadora,35,36
1278,laptop314,laptop,105,7
1279,computadora323,computadora,564,7
1280,computadora323,computadora,102,35
1281,switch294,switch,365,43
1282,computadora323,computadora,468,36
1283,switch294,switch,574,23
1284,switch294,switch,908,12
1285,laptop314,laptop,625,20
1286,switch294,switch,300,7
1287,router290,router,661,32
1288,computadora323,computadora,917,1
1289,laptop314,laptop,640,34
1290,laptop314,laptop,499,44
1291,servidor279,servidor,117,43
1292,laptop314,laptop,898,13
1293,laptop314,laptop,268,42
1294,computadora323,computadora,158,34
1295,servidor279,servidor,783,27
1296,router290,router,349,48
1297,switch294,switch,190,27
1298,computadora323,computadora,140,16
1299,computadora323,computadora,920,50
1300,router290,router,411,33
1301,servidor279,servidor,923,28
1302,computadora323,computadora,422,44
1303,computadora323,computadora,215,47
1304,computadora323,computadora,306,45
1305,servidor279,servidor,48,11
1306,switch294,switch,673,3
1307,servidor279,servidor,189,19
1308,servidor279,servidor,137,8
1309,router290,router,68,23
1310,laptop314,laptop,821,7
1311,switch294,switch,979,33
1312,computadora323,computadora,504,17
1313,router290,router,402,2
1314,computadora323,computadora,983,48
1315,switch294,switch,594,28
1316,router290,router,966,2
1317,switch294,switch,614,4
1318,computadora323,computadora,220,33
1319,computadora323,computadora,685,4
1320,switch294,switch,911,27
1321,laptop314,laptop,574,15
1322,laptop314,laptop,594,11
1323,laptop314,laptop,97,10
1324,router290,router,58,34
1325,router290,router,795,13
1326,laptop314,laptop,875,1
1327,computadora323,computadora,421,4
1328,computadora323,computadora,407,14
1329,switch294,switch,684,41
1330,switch294,switch,179,24
1331,servidor279,servidor,878,34
1332,servidor279,servidor,69,29
1333,computadora323,computadora,353,29
1334,servidor279,servidor,115,37
1335,servidor279,servidor,603,20
1336,laptop314,laptop,931,35
1337,switch294,switch,924,6
1338,router290,router,788,21
1339,switch294,switch,553,14
1340,switch294,switch,914,35
1341,laptop314,laptop,827,49
1342,servidor279,servidor,711,49
1343,router290,router,345,24
1344,computadora323,computadora,194,33
1345,router290,router,273,42
1346,laptop314,laptop,499,49
1347,computadora323,computadora,996,25
1348,computadora323,computadora,722,1
1349,computadora323,computadora,15,18
1350,servidor279,servidor,944,9
1351,switch294,switch,696,23
1352,laptop314,laptop,713,6
1353,switch294,switch,93,18
1354,servidor279,servidor,515,24
1355,switch294,switch,659,21
1356,laptop314,laptop,167,3
1357,router290,router,807,28
1358,computadora323,computadora,87,33
1359,router290,router,294,9
1360,laptop314,laptop,574,24
1361,servidor279,servidor,852,35
1362,computadora323,computadora,99,10
1363,laptop314,laptop,441,2
1364,router290,router,670,7
1365,laptop314,laptop,912,6
1366,laptop314,laptop,427,28
1367,laptop314,laptop,861,12
1368,laptop314,laptop,501,35
1369,computadora323,computadora,84,8
1370,computadora323,computadora,980,5
1371,switch294,switch,667,5
1372,switch294,switch,872,12
1373,servidor279,servidor,896,22
1374,switch294,switch,10,4
1375,laptop314,laptop,33,11
1376,servidor279,servidor,525,8
1377,switch294,switch,568,12
1378,switch294,switch,472,44
1379,computadora323,computadora,906,44
1380,computadora323,computadora,842,41
1381,computadora323,computadora,558,1
1382,servidor279,servidor,981,12
1383,laptop314,laptop,764,35
1384,computadora323,computadora,362,36
1385,laptop314,laptop,221,14
1386,switch294,switch,191,13
1387,computadora323,computadora,171,13
1388,laptop314,laptop,606,10
1389,router290,router,80,7
1390,servidor279,servidor,903,5
1391,laptop314,laptop,902,46
1392,switch294,switch,597,50
1393,computadora323,computadora,252,11
1394,laptop314,laptop,993,19
1395,laptop314,laptop,822,39
1396,computadora323,computadora,742,44
1397,router290,router,332,19
1398,router290,router,972,26
1399,switch294,switch,120,41
1400,router290,router,365,14
1401,switch294,switch,432,46
1402,laptop314,laptop,561,9
1403,router290,router,614,7
1404,computadora323,computadora,705,21
1405,servidor279,servidor,310,4
1406,servidor279,servidor,327,15
1407,router290,router,310,31
1408,servidor279,servidor,834,48
1409,laptop314,laptop,914,50
1410,router290,router,551,7
1411,servidor279,servidor,769,12
1412,router290,router,747,2
1413,computadora323,computadora,44,17
1414,servidor279,servidor,991,25
1415,servidor279,servidor,253,50
1416,switch294,switch,43,32
1417,servidor279,servidor,108,19
1418,servidor279,servidor,40,34
1419,router290,router,662,16
1420,switch294,switch,438,4
1421,switch294,switch,494,48
1422,switch294,switch,687,4
1423,laptop314,laptop,610,21
1424,servidor279,servidor,193,48
1425,servidor279,servidor,41,9
1426,switch294,switch,306,44
1427,servidor279,servidor,670,49
1428,router290,router,73,35
1429,router290,router,835,44
1430,servidor279,servidor,793,27
1431,switch294,switch,779,43
1432,switch294,switch,679,35
1433,servidor279,servidor,235,37
1434,switch294,switch,974,15
1435,servidor279,servidor,581,21
1436,computadora323,computadora,835,6
1437,servidor279,servidor,144,5
1438,computadora323,computadora,176,10
1439,switch294,switch,129,43
1440,switch294,switch,973,36
1441,switch294,switch,758,50
1442,laptop314,laptop,460,30
1443,router290,router,747,6
1444,laptop314,laptop,125,16
1445,computadora323,computadora,839,35
1446,computadora323,computadora,247,48
1447,computadora323,computadora,241,12
1448,router290,router,732,3
1449,servidor279,servidor,613,21
1450,laptop314,laptop,113,44
1451,laptop314,laptop,936,37
1452,laptop314,laptop,649,16
1453,computadora323,computadora,198,2
1454,computadora323,computadora,653,22
1455,router290,router,453,14
1456,computadora323,computadora,782,32
1457,computadora323,computadora,300,1
1458,switch294,switch,567,13
1459,router290,router,638,10
1460,servidor279,servidor,854,32
1461,servidor279,servidor,968,19
1462,switch294,switch,747,28
1463,computadora323,computadora,713,13
1464,router290,router,965,10
1465,laptop314,laptop,980,21
1466,computadora323,computadora,398,44
1467,laptop314,laptop,358,13
1468,laptop314,laptop,718,17
1469,computadora323,computadora,93,37
1470,computadora323,computadora,775,34
1471,laptop314,laptop,559,49
1472,router290,router,732,23
1473,router290,router,980,14
1474,servidor279,servidor,895,16
1475,laptop314,laptop,18,49
1476,computadora323,computadora,907,3
1477,laptop314,laptop,945,36
1478,laptop314,laptop,1000,35
1479,switch294,switch,277,40
1480,router290,router,74,20
1481,switch294,switch,140,46
1482,computadora323,computadora,775,40
1483,laptop314,laptop,674,7
1484,servidor279,servidor,814,30
1485,servidor279,servidor,322,12
1486,laptop314,laptop,176,11
1487,laptop314,laptop,569,37
1488,laptop314,laptop,439,43
1489,computadora323,computadora,953,14
1490,router290,router,476,50
1491,router290,router,617,17
1492,laptop314,laptop,882,39
1493,router290,router,463,46
1494,laptop314,laptop,12,19
1495,computadora323,computadora,559,2
1496,router290,router,338,9
1497,computadora323,computadora,439,43
1498,router290,router,188,3
1499,laptop314,laptop,101,17
1500,switch294,switch,878,43
